{
  "dao.anuinitiative.org": "daotest.anuinitiative.eth",
  "dao.chaingpt.org": "chaingptai.eth",
  "dao.ampleswap.com": "ampleswap.eth",
  "vote.rareships.games" : "rareships.eth",
  "vote.defialliance.finance": "beitmenotyou.eth",
  "governance.metavix.io": "metavix.eth",
  "gov.fact.technology": "factprotocol.eth",
  "gov.yorkie-inu.com": "yorkie-inu.eth",
  "governance.radxu.org": "radxu.eth",
  "vote.moondao.com": "tomoondao.eth",
  "dao.redacted.finance": "redactedcartel.eth",
  "vote.btcfund.ai": "btcfundai.eth",
  "vote.monetadao.com": "monetadao.eth",
  "vote.swarm.com": "swarm-com.eth",
  "vote.vox.finance": "voxfinance.eth",
  "vote.halofi.me": "halofi.eth",
  "vote.redemptiontoken.com": "redemptioncoin.eth",
  "vote.ecollective.xyz": "builders.ecollective.xyz",
  "crypto-legal-action.mycryptolawyer.xyz": "mycryptolawyer.eth",
  "proposals.unore.io": "unoredao.eth",
  "governance.kudoe.io": "kudoe.eth",
  "vote.zechub.org": "zechubdao.eth",
  "gov.kojib.com": "kojib.eth",
  "vote.rebelteam.com": "rebelteam.eth",
  "tvote.cascadia.foundation": "testcascadia.eth",
  "dao.dicesia.com": "dicesia.eth",
  "vote.hash2o.com": "hash2o.eth",
  "vote.allianceblock.io": "allianceblockdao.eth",
  "dao.bmcc.finance": "bmcc.eth",
  "vote.persiandao.io": "persiandao.eth",
  "dao.xtressials.com": "xtressials.eth",
  "gov.sandclock.org": "sandclockdao.eth",
  "dao.kuma-inu.com": "kuma-inu.eth",
  "gov.hairdao.xyz": "hairdao.eth",
  "dao.optimusinu.io": "coolbots.eth",
  "dao.dsla.network": "dsla.eth",
  "vote.seizerdao.xyz": "seizerdao.eth",
  "vote.goodghosting.com": "goodghosting.eth",
  "vote.meddao.xyz": "meddao.eth",
  "vote.slg.games": "slgov.eth",
  "vote.stfx.io": "stfxgovernance.eth",
  "governance.exzo.technology": "exzonetworkgovernance.eth",
  "vote-celo.goodghosting.com": "celo.goodghosting.eth",
  "vote-polygon.goodghosting.com": "polygon.goodghosting.eth",
  "vote.the-figure.com": "thefiguretoken.eth",
  "everydaydao.xyz": "andrewladdusaw.eth",
  "vote.chocolatemilkclub.com": "chocolatemilkclub.eth",
  "voting.castellocommunity.com": "castellocommunity.eth",
  "vote.themetaadvisory.xyz": "themetaadvisory.eth",
  "vote.anarchydao.io": "anarchytoken.eth",
  "dao.exeno.com": "exndao.eth",
  "governance.modelphics.com": "modelphics.eth",
  "dao.dataphora.com": "dataphora2.eth",
  "phi.vote": "phinetwork.eth",
  "gov.bitcoinevm.com": "bitcoinevm.eth",
  "deployingmorecapital.io": "dmctoken.eth",
  "vote.paydirt.game": "paydirtgame.eth",
  "governance.planetmemes.com": "planetmemes.eth",
  "gov.tigris.trade": "tigrisdao.eth",
  "gov.aliquo.xyz": "aliquo.eth",
  "vote.defire.org": "defiredao.eth",
  "gov.sapavault.xyz": "projectsapa.eth",
  "vote.atlantachain.io": "atlantachain.eth",
  "vote.enerart.com": "enerart.eth",
  "vote.froggyfriendsnft.com": "froggyfriends.eth",
  "vote.cypherpunkzero.com": "cypherpunkzerodao.eth",
  "vote.commondao.xyz": "thecommoncouncil.eth",
  "vote.metavault.trade": "metavault-trade.eth",
  "vote.metavault.org": "metavault-dao.eth",
  "lawminati.blockng.money": "lawminati.eth",
  "vote.yieldtopia.finance": "yieldtopia.eth",
  "vote.gogocoin.io": "gogo-protocol.eth",
  "vote.0vix.com": "0vix-protocol.eth",
  "dao.metagear.game": "moongear.eth",
  "dao.uglienstown.wtf": "ugliens.eth",
  "dao.stobox.io": "stoboxweb3.eth",
  "vote.teadao.finance": "tea-dao.eth",
  "vote.lakaninteractive.com": "lakaninteractive.eth",
  "vote.thrivecoin.com": "thrivecoin.eth",
  "vote.loopring.io": "loopringdao.eth",
  "vote.apocaliens.xyz": "alienvote.eth",
  "vote.wefinance.club": "wefinanceclub.eth",
  "vote.thestandard.io": "thestandardio.eth",
  "vote.safestake.xyz": "istate.eth",
  "vote.parastate.io": "istate.eth",
  "vote.shifuthemaster.com": "shifuthemaster.eth",
  "vote.hov.co": "hovx.eth",
  "dao.kokodi.world": "vsrat.eth",
  "gov.anzen.finance": "anzenfinance.eth",
  "vote.bamboodao.io": "bamboodao.eth",
  "vote.moonforcedao.eth": "moonforcedao.eth",
  "vote.pye.net": "pyedao.eth",
  "vote.metatopiaworld.com": "metatopiaworld.eth",
  "vote.symbulldao.eth": "symbulldao.eth",
  "vote.minipetsdao.eth": "minipetsdao.eth",
  "dao.turtleshellislands.com": "turtleshellisland.eth",
  "voting.lilbrains.com": "lilbrainsdao.eth",
  "vote.titandao.app": "surf92.eth",
  "dao.snowforge.xyz": "studiosnowforge.eth",
  "vote.bankofx.xyz": "bankofx.eth",
  "vote.morpho.org": "morpho.eth",
  "invictus.raidparty.wtf": "mariopaolo.eth",
  "bonustrack.io": "fabien.eth",
  "vote.goblins.cash": "goblinscash.eth",
  "vote.karameladao.com": "karameladao.eth",
  "dao.noisegpt.com": "cuntbase.eth",
  "vote.ravethefuture.com": "ravethefuture.eth",
  "vote.alifelivedfully.com": "vote.alifelivedfully.eth",
  "dao.sfm.community": "sfmdao.eth",
  "vote.sdao.win": "sdaowin.eth",
  "vote.assembly.town": "assemblyhoa.eth",
  "governance.cyberestate.io": "cyberrealestate.eth",
  "gov.meritvault.xyz": "meritvault.eth",
  "vote.hifi.finance": "hifi-finance.eth",
  "dao.general.rebellionprotocol.com": "rebellionprotocol.eth",
  "vote.particledao.xyz": "particledao.eth",
  "vote.waterandmusic.com": "wmvotes.eth",
  "dao.web3disruption.xyz": "haavi.eth",
  "vote.czpegs.com": "czpegs.eth",
  "vote.etherisc.com": "dao.etherisc.eth",
  "vote.dixel.club": "dixelclub.eth",
  "vote.demedicidao.co": "demedicidao.eth",
  "polling.element.fi": "elfi.eth",
  "vote.cow.fi": "cow.eth",
  "vote.thieveslist.io": "thievestreasury.eth",
  "vote.alphagirlclub.io": "alphagirlclub.eth",
  "vote.hamsterzbeach.club": "hamsterzbeachclub.eth",
  "vote.lmaodao.io": "lmao.jacksón.eth",
  "vote.minipets.eth": "minipets.eth",
  "snapshot.tokemak.xyz": "tokemak.eth",
  "vote.trava.finance": "trava.eth",
  "vote.trava.capital": "tradao.eth",
  "dao.playermon.com": "pymdao.eth",
  "vote.botchatify.com": "paul.mrsigner.eth",
  "vote.athame.finance": "athamefinance.eth",
  "vote.squiggly.school": "squigglyverse.eth",
  "vote.sphere.finance": "spherefinance.eth",
  "vote.standard.tech": "stndgov.eth",
  "vote.gmr.center": "gmrcenter.eth",
  "voting.cryptopugz.io": "cryptopugz.eth",
  "vote.powernode.io": "powergenerator.eth",
  "vote.breederdao.io": "breederdao-admin.eth",
  "vote.diamondheist.game": "diamondheist.eth",
  "vote.gatenet.io": "vote.gatenet.eth",
  "vote.metamarketingdao.com": "metamarketingdao.eth",
  "vote.streetbased.co": "streetbased.eth",
  "vote.astronos.io": "astronos.eth",
  "vote.holygrail.one": "holygrailone.eth",
  "vote.betterdao.io": "betterdao.eth",
  "dao.fraktal.io": "fraktal.eth",
  "gov.yedaoist.dev": "yedaoist.eth",
  "vote.fuzz.fi": "fuzzfinance.eth",
  "vote.subx.finance": "subx.eth",
  "vote.metarea.org": "metarea.eth",
  "dao.kawakami.io": "kawadao.eth",
  "vote.kodacapitaldao.xyz": "kodacapitaldao.eth",
  "vote.defiplaza.net": "realdefiplaza.eth",
  "vote.blockadvocates.org": "blockadvocates.eth",
  "polls.chain.xyz": "chaingov.eth",
  "vote.choccyswap.com": "choccyswap.eth",
  "vote.sinfinite.net": "sinfinite.eth",
  "vote.oceanclub.io": "primooceandao.eth",
  "eventplan.creativeplatform.xyz": "events.thecreative.eth",
  "vote.creativeplatform.xyz": "vote.thecreative.eth",
  "vote.prepo.io": "prepo.eth",
  "snapshot.gasdao.org": "gasdao.eth",
  "vote.thor.financial": "thorfinancial.eth",
  "vote.bomb.money": "1coinnetwork.eth",
  "vote.chainscore.finance": "chainscore.eth",
  "dao.badbears.io": "bad-dao.eth",
  "theartistdao.com": "theartistdao.eth",
  "vote.losercoin.dao": "losercoin-lowb.eth",
  "vote.songadao.org": "songadao.eth",
  "vote.theanimal.farm": "theanimalfarm.eth",
  "vote.glmrapes.com": "glmrapes.eth",
  "vote.paraswap.network": "paraswap-dao.eth",
  "dao.reapercouncil.xyz": "reaperdao.eth",
  "vote.totem.earth": "totemearth.eth",
  "vote.partyhat.finance": "phats.eth",
  "vote.beamswap.io": "beamswapio.eth",
  "dao.littleghosts.com": "littleghosts.eth",
  "vote.panicswap.com": "panicswap.eth",
  "vote.phonon.org": "phonon.eth",
  "vote.thegreatwave.io": "thegreatwave.eth",
  "vote.labdao.co": "dongdo.eth",
  "vote.x0rart.com": "mevarmy.eth",
  "vote.rainbowtoken.finance": "rainbowtoken.eth",
  "vote.jadeprotocol.io": "jadeprotocol.eth",
  "vote.anuradao.finance": "anuradao.eth",
  "vote.squid.xyz": "shoal.eth",
  "vote.kawaii.global": "kawaii-islands.eth",
  "vote.kargain.world": "kargainworld.eth",
  "vote.lobis.finance": "lobis.eth",
  "vote.dapperdinos.com": "dapperdinos.eth",
  "vote.hellodao.world": "hello-dao.eth",
  "vote.euphoria.money": "euphoriadao.eth",
  "vote.nodegamexyz.com": "nodegame.eth",
  "vote.cleanocean.io": "cleanocean.eth",
  "dao.zcore.network": "zcoreclub.eth",
  "vote.nfbeez.xyz": "nfbeez.eth",
  "vote.commanderdefi.io": "commanderdefi.eth",
  "vote.hotcross.com": "hotcross.eth",
  "vote.viper.exchange": "viperswap.eth",
  "vote.thunderdao.com": "thunderdao.eth",
  "vote.mero.finance": "merofinance.eth",
  "vote.routerprotocol.com": "routerprotocol.eth",
  "vote.lava.financial": "mauna.eth",
  "vote.cryptocrooks.io": "cryptocrooks.eth",
  "vote.somee.social": "someeofficial.eth",
  "voting.rewardminer.io": "subx1.eth",
  "vote.rebelseals.com": "therebels.eth",
  "vote.4thtech.io": "4thtech.eth",
  "vote.gizadao.com": "gizadao.eth",
  "vote.cryptohobos.io": "cryptohobos.eth",
  "vote.tempus.finance": "tempusgov.eth",
  "vote.uplift.io": "upliftio.eth",
  "vote.cvi.finance": "govi.eth",
  "tribe.toughturtlesnft.com": "toughturtles.eth",
  "vote.rektdao.finance": "daorekt.eth",
  "v.glorylab.xyz": "glorylab.eth",
  "gov.eazyswap.io": "eazyswap.eth",
  "vote.them.af": "hatdao.eth",
  "vote.danielbarankin.com": "danielbarankin.eth",
  "vote.antidotedao.org": "antidotedao.eth",
  "govern.6ix.com": "6ixdao.eth",
  "governance.autonio.io": "niox.eth",
  "vote.vikings.finance": "vikingsdao.eth",
  "vote.ysl.io": "ysl-io.eth",
  "vote.surf.finance": "surf.finance",
  "vote.entities.wtf": "entitiesdao.eth",
  "gov.frosty.app": "frostypower.eth",
  "dao.dexe.network": "dexe.network",
  "vote.gyro.money": "gyrodefi.eth",
  "vote.mrfas.com": "mrfas.eth",
  "snapshot.botto.com": "botto.eth",
  "vote.mstable.org": "mstablegovernance.eth",
  "dao.wetu.be": "wetube.eth",
  "vote.fomodao.xyz": "fomodao.eth",
  "vote.betswirl.com": "betswirl.eth",
  "vote.defrag.com": "dfrag.eth",
  "dao.sleepysloth.finance": "mrbojangles.eth",
  "vote.brightunion.io": "brightunion.eth",
  "vote.aladdin.club": "aladdindao.eth",
  "vote.enter.art": "enternft.eth",
  "vote.ascensionprotocol.io": "ascensionprotocol.eth",
  "vote.stockmouton.com": "stockmouton.eth",
  "vote.elyfi.world": "elyfi-bsc.eth",
  "snapshot.moonwell.fi": "moonwell-governance.eth",
  "snapshot-apollo.moonwell.fi": "moonwell-apollo-governance.eth",
  "snapshot.metaweave.com": "cromatikap.eth",
  "dao.civfund.com": "dexman.eth",
  "vote.myrevengecat.com": "myrevengecat.eth",
  "governance.cntr.finance": "cntr.eth",
  "governance.collartoken.com": "dogcollar.eth",
  "whey-gov.cntr.finance": "centaurswap.eth",
  "gov.impossible.finance": "impossiblefinance.eth",
  "vote.stargate.zone": "ohm-dao.eth",
  "vote.military.finance": "militaryfinance.eth",
  "vote.mycointool.com": "mycointool.eth",
  "vote.own.fund": "ownfund.eth",
  "gov.minorityprogrammers.org": "minorityprogrammers.eth",
  "vote.banksocial.io": "banksocialdao.eth",
  "gov.richquack.com": "richquack.eth",
  "dao.stredium.com": "stredium.eth",
  "vote.newbet.vip": "newbet.eth",
  "vote.spaceknightclub.io": "spaceknightclub.eth",
  "vote.alkemi.network": "alkemidao.eth",
  "vote.macoin.finance": "macoin.eth",
  "vote.macncheese.finance": "macncheese.eth",
  "vote.artisticsociety.org": "eart.eth",
  "vote.olecoin.io": "olecoin.eth",
  "dao.growing.fi": "growingdao.eth",
  "dao.gnome.army": "gnometoken.eth",
  "vote.dsbswap.com": "dsbswap.eth",
  "vote.apy.finance": "apy.eth",
  "gov.xspswap.finance": "xsp.eth",
  "vote.longdrink.finance": "longdrinkfinance.eth",
  "vote.mcafeemoonshot.com": "mcafeemoonshot.eth",
  "vote.fbomb.finance": "fbomb.eth",
  "vote.evermoon.io": "evermoon.eth",
  "vote.gaiadao.org": "gaiadao.eth",
  "vote.dispense.finance": "dispense.eth",
  "gov.matrixetf.finance": "matrixetf.eth",
  "vote.schnoodle.finance": "schnoodle.eth",
  "vote.kraken.baby": "babykraken.eth",
  "vote.conic.finance": "conic-dao.eth",
  "morocco.snapshot.page": "treth.eth",
  "signal.blackpool.finance": "blackpoolhq.eth",
  "vote.convexfinance.com": "cvx.eth",
  "vote.koyo.finance": "koyo-finance.eth",
  "vote.suzakucoin.net": "suzakucoin.eth",
  "vote.sachetdao.africa": "tjelailah.eth",
  "dao.shroomz.cool": "shroomz.eth",
  "snapshot.shibuidao.com": "shibuidao.eth",
  "vote.dfx.finance": "dfx.eth",
  "gov.siphon.finance": "siphonfinance.eth",
  "gov.dogownertoken.com": "dogown.eth",
  "dao.drsgme.org": "drsgmeorg.eth",
  "vote.gametoken.finance": "gmetoken.eth",
  "vote.grumpy.finance": "grumpyfinance.eth",
  "dao.shibaverse.io": "shibaverse-io.eth",
  "vote.decrypt.co": "decrypt-media.eth",
  "vote.xtblock.io": "xtblock.eth",
  "vote.xbn.finance": "elasticbnb.eth",
  "dao.moonrat.finance": "moonrat.eth",
  "gov.milliontoken.org": "mmgov.eth",
  "governance.tradestars.app": "tradestars.eth",
  "vote.athletex.io": "athletex.eth",
  "vote.dappchaser.com": "dappchaser.eth",
  "dao.pussy.financial": "pussyfinancialdao.eth",
  "vote.poolgrants.org": "poolgrants.eth",
  "vote.meritcircle.io": "meritcircle.eth",
  "vote.dfdao.xyz": "dfdao.eth",
  "vote.peghub.com": "peghub.eth",
  "vote.xsigma.fi": "xsig.eth",
  "gov.onionmixer.com": "omt.eth",
  "vote.moonbird.finance": "moonbird.eth",
  "vote.varg.ru": "vargru.eth",
  "vote.lou.fit": "95501.eth",
  "vote.shardcoin.io": "shardcoin.eth",
  "vote.depocket.com": "depocket.eth",
  "gov.hyruleswap.com": "hyruleswap.eth",
  "complus.network": "complus.eth",
  "vote.axion.network": "axiondao.eth",
  "vote.clucoin.com": "clugov.eth",
  "vote.tracer.finance": "tracer.eth",
  "gov.visor.finance": "visor.eth",
  "vote.easybake.finance": "easybake.eth",
  "enchant.soulswap.finance": "soulswap.eth",
  "voting.cafeswap.finance": "cafeswapfinance.eth",
  "vote.magicbalancer.org": "magicbalancer.eth",
  "cast.alchemist.wtf": "alchemistcoin.eth",
  "genesis-dao.hoprnet.org": "genesis-dao.hopr.eth",
  "gov.stablex.finance": "stablexfinance.eth",
  "gov.mig.business": "migbusiness.eth",
  "signal.bzx.network": "bzx.eth",
  "signal.stakedao.org": "stakedao.eth",
  "basedgov.kuhoge.finance": "kuhoge.eth",
  "vote.koalaintelligence.agency": "kia-gov.eth",
  "survey.novaswap.finance": "novaswap.eth",
  "vote.coffeeswap.finance": "coffeeswap.eth",
  "gov.archerdao.io": "archerdao.eth",
  "vote.carrotswap.org": "carrotswap.eth",
  "vote.southchain.digital": "vote.southchain.eth",
  "vote.ripae.finance": "ripae.eth",
  "vote.polyient.games": "polyient-games-governance",
  "vote.acryptos.com": "acryptos",
  "vote.balancer.fi": "balancer.eth",
  "vote.balancer.finance": "balancer.eth",
  "vote.flair.finance": "0xflair.eth",
  "vote.daonifty.io": "daonifty.eth",
  "vote.meso.finance": "mesofinance.eth",
  "vote.ycsdao.com": "ycsdao.eth",
  "yearn.snapshot.page": "ybaby.eth",
  "decide.fateofwagdie.com": "wagdie.eth",
  "gov.zerogoki.org": "zerogoki.eth",
  "vote.sushi.com": "sushigov.eth",
  "vote.taraxa.io": "taraxa-project.eth",
  "vote-for.by.aris.ac": "by.arisac.eth",
  "vote.tarot.to": "xtarot.eth",
  "gov.artha.finance": "arthadao.eth",
  "governance.dfyn.network": "dfyn.eth",
  "signal.aave.com": "aave.eth",
  "vote.singularitydao.ai": "sdao.eth",
  "gov.xfinance.io": "xfinance",
  "vote.risingsun.finance": "risingsun.eth",
  "vote.nftgoddess.art": "nftgoddessart.eth",
  "vote.shuffledao.com": "shuffledao.eth",
  "vote.barefootparrots.com": "barefootparrots.eth",
  "pillar.snapshot.page": "pillar",
  "signal.pickle.finance": "pickle.eth",
  "vote.slimysnails.io": "slimysnails.eth",
  "vote.airswap.io": "vote.airswap.eth",
  "vote-rinkeby.airswap.io": "vote-rinkeby.airswap.eth",
  "vote.loopring.org": "lrctoken.eth",
  "vote.mahadao.com": "maha.eth",
  "signal.s.finance": "s-finance",
  "signal.eggy.finance": "egg",
  "signal.goldmining.farm": "gmt",
  "gov.aragon.org": "aragon",
  "vote.yogi.fi": "yogi-fi.eth",
  "oaklandvote.citydao.org": "oaklanddao",
  "governance.chartex.pro": "chartex",
  "governance.trustwallet.com": "trustwallet",
  "voting.dfi.money": "dfi",
  "vote.ykz.network": "yakuza",
  "listing.cream.finance": "cream-listing.eth",
  "vote.cream.finance": "cream-finance.eth",
  "vote.shade.cash": "shadecash.eth",
  "vote.shiny.club": "shinyclub.eth",
  "vote.uvault.finance": "unicore",
  "gov.exnt.io": "exnetwork",
  "dao.thirm.com": "thirm",
  "gov.defiat.net": "defiat",
  "gov.synthetix.io": "snxgov.eth",
  "council.synthetix.io": "spartancouncil.eth",
  "gov.wassies.com": "wassies",
  "signal.osho.finance": "love",
  "voting.amplesense.io": "amplesense",
  "gov.mettalex.com": "mettalex",
  "gov.moontools.io": "moontools",
  "voting.pancakeswap.finance": "pancake",
  "governance.wenlambo.finance": "wenlambo.finance",
  "vote.beefy.finance": "beefydao.eth",
  "vote.galleon.community": "galleondao.eth",
  "vote.hunny.finance": "hunny.eth",
  "vote.steakbank.finance": "steakbank.eth",
  "vote.pancakebunny.finance": "pancakebunny.eth",
  "vote.taconomics.io": "taco",
  "gov.narwhalswap.org": "narwhal",
  "vote.streamr.network": "streamr.eth",
  "governance.etgproject.org": "etgfinance",
  "gov.pokt.network": "poktdao.eth",
  "vote.niceee.org": "nice",
  "vote.pooltogether.com": "pooltogether",
  "vote.diadata.org": "diadata",
  "cuni.comp.vote": "cuni",
  "tbavote.joyso.io": "tballiance",
  "vote.rottenswap.org": "rot",
  "vote.rari.capital": "fuse.eth",
  "vote.bloodyfi.org": "bloody",
  "vote.indexcoop.com": "index-coop.eth",
  "vote.moonlanderz.com": "ahsyaj.eth",
  "governance.dawn.org": "dawn",
  "gov.yaxis.io": "yaxis",
  "gov.hurricane.finance": "hurricane",
  "vote.archloot.com": "altvoting.eth",
  "gov.dhedge.org": "gov.dhedge.eth",
  "vote.frontier.xyz": "frontier",
  "vote.oceanprotocol.com": "officialoceandao.eth",
  "dao.bosonprotocol.io": "bosondao.eth",
  "vote.sav3.org": "sav3",
  "vote.bt.finance": "btfinance.eth",
  "vote.pawthereum.com": "pawthereum.eth",
  "vote.zlot.finance": "zlot",
  "vote.finnexus.io": "fnx",
  "signal.idle.finance": "idlefinance.eth",
  "gov.flush.lol": "flushlol.eth",
  "dao.demonhellclub.com": "demonhellclub.eth",
  "fund.emptyset.finance": "esd.eth",
  "mtrg.meter.io": "meter-mainnet.eth",
  "emtrg.meter.io": "meter-eth.eth",
  "gov.kp2r.network": "keep2r.eth",
  "gov.metapool.finance": "metapoolgov.eth",
  "vote.gokai.org": "gokai.eth",
  "governance.raiden.network": "raidendao.eth",
  "gov.mink.finance": "minkfinance.eth",
  "congress.myhoney.finance": "honeyfinance.eth",
  "gdao.synthetix.io": "snxgrants.eth",
  "governance.relay3r.network": "relayernetwork.eth",
  "voting-mxx.multiplier.finance": "multiplierfinance.eth",
  "governance.unique.one": "uniqueone.eth",
  "vote.coverprotocol.com": "cover-protocol.eth",
  "vote.metacraft.cc": "metacraftcc.eth",
  "vote.basis.cash": "basiscash.eth",
  "gov.keeper.finance": "keeperfi.eth",
  "gov.zenifinance.io": "zenifinance.eth",
  "vote.tacoswap.io": "tacoswap.eth",
  "gov.playhyperblade.com": "hyperblade.eth",
  "gov.basisdollar.fi": "basisdollar.eth",
  "vote.keyfi.com": "keyfi-app.eth",
  "vote.amptoken.org": "amp.eth",
  "vote.spiderdao.io": "spider-dao.eth",
  "vote.bdollar.fi": "bdollar.eth",
  "devcon.snapshot.page": "devcondemo.eth",
  "vote.saffron.finance": "saffronfinance.eth",
  "govx.launchzone.org": "bscex.eth",
  "vote.kiancoin.com": "kian.eth",
  "fund.1sd.finance": "1sd.eth",
  "vote.mith.cash": "mithcash.eth",
  "vote.innercircle.finance": "innercirclefinance.eth",
  "gov.indexed.finance": "ndx.eth",
  "vote.creaticles.com": "creaticlesgov.eth",
  "vote.perp.fi": "vote-perp.eth",
  "vote.cask.fi": "caskprotocol.eth",
  "gov.iron.finance": "ironbankfi.eth",
  "mint.emptyset.gold": "emptysetgold.eth",
  "signal.universe.xyz": "universexyz.eth",
  "signal.barnbridge.com": "barnbridge.eth",
  "vote.forthedao.com": "forthedao.eth",
  "mars.poolin.fi": "marsproject.eth",
  "treasury.dsd.finance": "dsd.eth",
  "signal.derivadex.com": "derivadao.eth",
  "governance.sx.bet": "sportx.eth",
  "dao.scifi.finance": "spicedao.eth",
  "dao.prosper.so": "prosperso.eth",
  "governance.dextf.com": "dextfprotocol.eth",
  "governance.dao.domani.finance": "domanidao.eth",
  "gov.clap.finance": "clapfinance.eth",
  "vote.pandayield.com": "pandayield.eth",
  "gov.aventus.io": "aventus.eth",
  "gov.kebabfinance.com": "kebabfinance.eth",
  "vote.monsterslayer.finance": "monsterslayer.eth",
  "signal.opium.network": "opiumprotocol.eth",
  "oracles.opium.network": "oracles.opiumprotocol.eth",
  "vote.omg.network": "omg.eth",
  "vote.shabushabu.finance": "shabushabufi.eth",
  "council.illuvium.io": "ilv.eth",
  "gov.illuvium.io": "ilvgov.eth",
  "vote.yzydao.finance": "yzydao.eth",
  "gov.premia.blue": "premia.eth",
  "parliament.premia.blue": "parliament.premia.eth",
  "vote.perlinx.finance": "perlinx.eth",
  "vote.defigeek.xyz": "defigeek.eth",
  "ambassador.synthetix.io": "snxambassador.eth",
  "vote.bamboodefi.com": "bamboodefi.eth",
  "vote.1-b.tc": "1btc.eth",
  "poll.santiment.net": "santiment.eth",
  "voting-bmxx.multiplier.finance": "mcl-multiplierfinance.eth",
  "vote.cndy.finance": "candyfinance.eth",
  "gov.alpacafinance.org": "alpacafinance.eth",
  "dao.zfo.gg": "zfogg.eth",
  "vote.ensuser.com": "ensuser.eth",
  "vote.redemptiondao.org": "douglasqian.eth",
  "governance.diamondhandsfinance.org": "diamondhandsfinance.eth",
  "vote.rankerdao.com": "rankerdao.eth",
  "vote.bears.finance": "fbear.eth",
  "vote.megamoon.space": "mega-moon.eth",
  "vote.zyberswap.io": "zyberswap.eth",
  "vote.combine.finance": "xcomb.eth",
  "vote.rulerprotocol.com": "rulerprotocol.eth",
  "voting.itam.games": "itam.eth",
  "dao.apeships.com": "apeships.eth",
  "snapshot.valuedefi.io": "gvvalue.eth",
  "vote.bingocash.app": "bingocash.eth",
  "vote.ballena.io": "ballena.eth",
  "vote.kalmy.app": "kalmyapp.eth",
  "gov.apoyield.com": "apoyield.eth",
  "gov.forcedao.com": "forcedao.eth",
  "vote.bancor.network": "bancornetwork.eth",
  "vote.cryptokombat.com": "cryptokombat.eth",
  "vote.arcx.money": "arcx.eth",
  "vote.88mph.app": "88mph.eth",
  "vote.kimchidao.org": "kimchidao.eth",
  "governance.curio.cards": "curiovoters.eth",
  "vote.forkenomics.com": "forkenomics.eth",
  "snapshot.comp.vote": "comp-vote.eth",
  "gov.tusker.finance": "tuskerfinance.eth",
  "gov.sunicoin.org": "suni.eth",
  "vote.macaronswap.finance": "macaronswap.eth",
  "vote.resdx.io": "resdx.eth",
  "vote.gro.xyz": "gro.xyz",
  "snapshot.solos.so": "solos.eth",
  "snapshot.fei.money": "fei.eth",
  "dao.pepemon.world": "pepedontdump.eth",
  "vote.levyathan.finance": "levyathan.eth",
  "vote.akropolis.io": "akropolis.eth",
  "vote.blockzerolabs.io": "blockzerolabs.eth",
  "mscore.bprotocol.org": "m.bsnapshot.eth",
  "cscore.bprotocol.org": "bsnapshot.eth",
  "vote.iftip.io": "iftip.eth",
  "vote.supra.finance": "suprafinance.xyz",
  "snapshot.strudel.finance": "strudel.eth",
  "governance.treedefi.com": "treedefi.eth",
  "vote.m1guelpf.me": "token.m1guelpf.eth",
  "gov.parallaxprotocol.com": "parallaxprotocol.eth",
  "snapshot.everipedia.com": "everipediaiq.eth",
  "vote.nerve.fi": "nervefinance.eth",
  "ekklesia.mask.io": "masknetwork.eth",
  "vote.stakewise.io": "stakewise.eth",
  "gov.dalmatians.io": "dalmatians.eth",
  "governance.alphr.finance": "alphrdao.eth",
  "dao.levinswap.org": "levinswap.eth",
  "vote.jetswap.finance": "jetswap-finance.eth",
  "polygon-vote.jetswap.finance": "polygon-jetswap-finance.eth",
  "vote.fastyield.app": "fastyield.eth",
  "vote.apeswap.finance": "apeswap-finance.eth",
  "vote.liquidcollectibles.io": "liquidcollectibles.eth",
  "vote.crystl.finance": "crystl.eth",
  "voting.pippi.finance": "pippi.eth",
  "ctrl.lift.kitchen": "liftkitchen.eth",
  "vote.lattice.is": "latticegov.eth",
  "gov.libertas.network": "libertas.eth",
  "voting.pantherswap.com": "pantherswap.eth",
  "vote.alchemistdefi.com": "alchemistdefi.eth",
  "vote.feeder.finance": "feederfinance.eth",
  "voting.adventureland.finance": "adventurelandfinance.eth",
  "vote.flydao.app": "flydao.eth",
  "vote.fantoms.art": "randomz.eth",
  "vote.wraithswap.finance": "wraithswap.eth",
  "vote.spooky.fi": "spookyswap.eth",
  "vote.glidefinance.io": "glidefinance.eth",
  "signal.ampleforth.org": "ampleforthorg.eth",
  "vote.altrucoin.com": "altrucoin.eth",
  "voting.font.community": "fontcommunity.eth",
  "snapshot.vswap.fi": "vbswap.eth",
  "vote.munchproject.io": "munchproject.eth",
  "snapshot.behodler.io": "behodler.eth",
  "vote.ret.team": "retokendao.eth",
  "gov.zoocoin.cash": "zoocoin.eth",
  "vote.nftsnafu.org": "nftsnafu.eth",
  "vote.fairmoon.community": "fairmoon.eth",
  "voting.smartdex.finance": "smartdex-voting.eth",
  "vote.moonpirate.finance": "moonpirate.eth",
  "vote.mai.finance": "qidao.eth",
  "dao.modefi.io": "mod.eth",
  "dao-bsc.modefi.io": "mod-bsc.eth",
  "dao-ftm.modefi.io": "mod-ftm.eth",
  "vote.conqueruranus.com": "conqueruranus.eth",
  "vote.cryptohoots.com": "cryptohoots.eth",
  "vote.koaladefi.eth": "koaladefi.eth",
  "vote.imsuperleague.com": "imsuperleague.eth",
  "governance.rotomoon.app": "rotomoon.eth",
  "vote.honestchain.finance": "honestfinance.eth",
  "vote.earnnetwork.io": "earnnetwork.eth",
  "vote.moonpot.com": "moonpotdotcom.eth",
  "vote.warp.finance": "votewarp.eth",
  "gov.polygon.iron.finance": "iron-polygon.eth",
  "vote.steakhouse.finance": "vote-steakhouse.eth",
  "vote.flashstake.io": "flashprotocol.eth",
  "vote.fenixtoken.net": "fenixtoken.eth",
  "vote.supershiba.exchange": "supershiba.eth",
  "vote.liquifi.org": "liquifi.eth",
  "vote.alliance.xyz": "alliance.eth",
  "vote.yetiski.club": "degenyetis.eth",
  "vote.x0swap.com": "x0swap.eth",
  "vote.luckymaneki.com": "luckymaneki.eth",
  "vote.honeydao.com": "honeydao.eth",
  "gov.kumatoken.com": "kumainu.eth",
  "gov.beluga.fi": "belugaprotocol.eth",
  "vote.viralata.finance": "viralata.eth",
  "vote.svcs.finance": "givingtoservices.eth",
  "vote.spore.engineering": "spore-engineering.eth",
  "gov.phuture.finance": "phuture.eth",
  "vote.deversifi.com": "deversifi.eth",
  "dao.dogeswap.global": "dogevote.eth",
  "vote.moonbud.space": "moonbud.eth",
  "vote.crisis.network": "crisisdao.eth",
  "vote.cheesecakeswap.com": "cheesecakeswap.eth",
  "vote.cyborg.art": "cyborgdao.eth",
  "signal.curve.fi": "curve.eth",
  "vote.heds.app": "camb0t.eth",
  "vote.cyphertrust.fi": "cyphertrust.eth",
  "vote.volatility.com": "vol.eth",
  "vote.carbonswap.finance": "carbonswap.eth",
  "voting.snowcrash.finance": "snowcrashdao.eth",
  "vote.planetfinance.io": "planetfinance.eth",
  "vote.planet.finance": "planetfinance.eth",
  "vote.kogecoin.io": "kogecoin.eth",
  "vote.frenchie.so": "frenchienetwork.eth",
  "gov.50cent.network": "50centnetwork.eth",
  "vote.tea-swap.finance": "tea-swap.eth",
  "vote.pitbull.community": "pitbulldao.eth",
  "governance.unique.fans": "uniquefans.eth",
  "gov.omg.dev": "dao.omg.eth",
  "vote.krausehouse.club": "krausehouse.eth",
  "vote.dexkit.com": "dexkit.eth",
  "gov.inumaki.org": "inumaki.eth",
  "gov2.inumaki.org": "dawg.inumaki.eth",
  "governance.uniqueone.photo": "uniquephoto.eth",
  "voting.chimpyswap.com": "chimpyswap.eth",
  "vote.apetroop.io": "apetroop.eth",
  "vote.ariva.digital": "arivadao.eth",
  "vote.to-the-moon.farm": "to-the-moon-farm.eth",
  "vote.moon-vault.com": "moon-vault.eth",
  "vote.polyvertex.finance": "polyvertex.eth",
  "vote.baconcoin.com": "baconcoin.eth",
  "vote.undeadwarriors.io": "undeadwarriors.eth",
  "vote.story.xyz": "origingov.eth",
  "vote.ousd.com": "ousdgov.eth",
  "vote.aishine.me": "hustwyz.eth",
  "gov.aol.gg": "apesonline.eth",
  "gov.forefront.market": "ffdao.eth",
  "vote.liquiddriver.finance": "liquiddriver.eth",
  "gov.coin-bid.io": "coin-bid.eth",
  "vote.doge2.app": "doge2-crypto.eth",
  "vote.sil.finance": "sister-in-law.eth",
  "vote.avai.finance": "orcapod.eth",
  "vote.mint.club": "mintclub.eth",
  "vote.thegrandbanks.finance": "thegrandbanks.eth",
  "vote.leekdao.xyz": "leekdao.eth",
  "vote.tomb.finance": "tombfinance.eth",
  "vote.agdeportes.com": "agdeportes.eth",
  "vote.minotaur.money": "thewolfgame.eth",
  "vote.landshare.io": "landshare.eth",
  "vote.meebitsdao.com": "meebitsdao.eth",
  "vote.dopeshibas.fun": "dopeshibas.eth",
  "vote.manifoldfinance.com": "manifoldfinance.eth",
  "vote.littlesh.art": "littlesharts.eth",
  "vote.takodefi.com": "takodefi.eth",
  "vote.fuse.io": "fusedao.eth",
  "vote.chargedefi.fi": "chargedefi.eth",
  "grant.mint.club": "mintgrant.eth",
  "vote.minto.finance": "minto.eth",
  "vote.yamp.finance": "yamp.eth",
  "gov.compli.fi": "complifi.eth",
  "vote.feistydoge.art": "feistydao.eth",
  "vote.shunkakinoki.com": "shunkakinoki.eth",
  "vote.hepa.finance": "hepa.eth",
  "vote.yakuzainc.io": "yakuzaincdao.eth",
  "gov.moonfarm.in": "moonswpadex.eth",
  "vote.liquidifty.io": "liquidifty.eth",
  "gov.moonswap.tech": "moonswpadex.eth",
  "vote.yieldyak.com": "yakherd.eth",
  "dao.cvl.network": "cvldao.eth",
  "vote.ledgity.com": "ledgity.xyz",
  "vote.jarvis.network": "synthereum.eth",
  "vote.polywhirl.cash": "polywhirl.eth",
  "vote.faraland.io": "faradao.eth",
  "dao.chihiro-inu.com": "chihiro-inu.eth",
  "vote.nft-gods.com": "nft-gods.eth",
  "vote.moonsama.com": "expectchaos.eth",
  "vote.sunrisegaming-dao.com": "sunrisegaming.eth",
  "dao.babyspacefloki.com": "babyspacefloki.eth",
  "vote.meowfinance.org": "meowfinance.eth",
  "gov.dot.finance": "dotfinance.eth",
  "voting-v2.multiplier.finance": "v2-multiplierfinance.eth",
  "vote.mgh.dao": "metagamehub.eth",
  "gov.maidcoin.org": "maidcoin.eth",
  "vote.cyberkongz.com": "cyberkongz.eth",
  "vote.wildcubsociety.io": "wildcubdao.eth",
  "vote.wildcubdao.io": "wildcubdao.eth",
  "vote.bearsdeluxe.io": "votedeluxe.eth",
  "vote.turtlecoin.com": "trtlcoin.eth",
  "vote.moonbeans.io": "moonbeans.eth",
  "gov.yesports.gg": "yesportsgg.eth",
  "vote.dappradar.com": "dappradar.eth",
  "gov.coinica.net": "coinica.eth",
  "dao.baka.cool": "koumakan.eth",
  "governance.yfdai.finance": "yfdaifinance.eth",
  "vote.saddle.community": "saddlefinance.eth",
  "vote.samot.club": "samotclub.eth",
  "vote.inuyasha.io": "yashadao.eth",
  "vote.candlelabs.org": "cndl.eth",
  "vote.arbibots.xyz": "arbibots.eth",
  "vote.lobbytoken.io": "lobbytoken.eth",
  "vote.swdao.org": "sw-dao.eth",
  "vote.theglitches.art": "theglitchesdao.eth",
  "dictatorship.levxdao.org": "levx.eth",
  "dao.carbonpaws.io": "carbonpaws.eth",
  "dao.cvlp2p.com": "cvldao.eth",
  "vote.litedex.io": "litedex.eth",
  "vote.scarychaincapital.com": "scarychaincapital.eth",
  "vote.matcha.fi": "streamingfast.eth",
  "vote.bsc-mvb.io": "mvb.eth",
  "vote.dios.finance": "diosfinance.eth",
  "vote.mysticalorbs.xyz": "mysticcollective.eth",
  "vote.foundance.org": "foundance.eth",
  "gov.diversecapital.finance": "diversecapital.eth",
  "vote.impermax.finance": "impermax.eth",
  "vote.feudalz.io": "feudalz.eth",
  "vote.liquidrium.com": "liquidrium.eth",
  "vote.underfitted.io": "underfitted.eth",
  "dao.cropunks.art": "cropunks.eth",
  "snapshot.silo.finance": "silofinance.eth",
  "vote.aavegotchi.com": "aavegotchi.eth",
  "snapshot.keplerdao.finance": "keplerdao.eth",
  "vote.pastry.xyz": "bakerydao.eth",
  "vote.alphadao.money": "alphagov.eth",
  "vote.jfscaramazza.com": "jfscaramazza.eth",
  "signal.paladin.vote": "palvote.eth",
  "dao.cronosfrens.io": "cronosfrens.eth",
  "vote.treschain.io": "treschain.eth",
  "gov.wagumi.xyz": "wagumi.eth",
  "vote.rune.game": "runemetaverse.eth",
  "vote.huckleberry.finance": "huckleberrydex.eth",
  "vote.hector.network": "hectordao.eth",
  "gov.tethys.finance": "tethysswap.eth",
  "vote.darkmatterdefi.com": "dmdarkmatter.eth",
  "gov.fxcm.xyz": "symbolspace.eth",
  "vote.kratosdao.finance": "kratosdaofi.eth",
  "dao.fxcm.xyz": "metauniversecapital.eth",
  "vote.solace.fi": "solacefi.eth",
  "vote.alluo.com": "alluo.eth",
  "vote.mathblocks.io": "mathblocks.eth",
  "vote.kap.gg": "thekapitaldao.eth",
  "vote.kapital.gg": "thekapitaldao.eth",
  "vote.aetherdao.io": "aetherdao.eth",
  "vote.swivel.finance": "swiveldao.eth",
  "vote.construct.tools": "stakeborgdao.eth",
  "vote.trapeza.finance": "trapezaprotocol.eth",
  "vote.bentfinance.com": "bentfinance.eth",
  "vote.empyrean.fi": "empyreandao.eth",
  "gm.p12.dev": "p12.eth",
  "vote.webb.game": "worldwidewebb.eth",
  "vote.utopia42.club": "utopia42.eth",
  "vote.trubadger.io": "trubadger.eth",
  "vote.gbox.space": "gboxspace.eth",
  "vote.guttercatgang.com": "gcgdao.eth",
  "vote.pagedao.org": "pagedao.eth",
  "gov.fries.fund": "friesdao.eth",
  "vote.undisclosedcollectors.com": "undisclosedcollectors.eth",
  "vote.kalao.io": "getkalao.eth",
  "vote.ethalend.org": "ethaprotocol.eth",
  "vote.starsharks.com": "starsharks.com",
  "vote.rhino.fi": "rhinofi.vote",
  "vote.gorillasquad.finance": "gorillasquad.eth",
  "vote.infinitelaunch.io": "infinitelaunch.eth",
  "vote.brokoli.network": "brokolinetwork.eth",
  "meow.ethercats.io": "ethercats.eth",
  "vote.banklessbr.com": "banklessbrdao.eth",
  "vote.wanakafarm.com": "wanakafarm-dao.eth",
  "vote.defikingdoms.com": "dfkvote.eth",
  "dao.astraguild.io": "astraguildventures.eth",
  "vote.cyberfrogz.io": "cyberz.eth",
  "governance.domani.finance": "dextfprotocol.eth",
  "vote.forwardprotocol.io": "forwardprotocol.eth",
  "gov.hpb.io": "xinlian.eth",
  "dao.solidefied.com": "solidefied.eth",
  "vote.fantomstarter.io": "fantomstarter.eth",
  "vote.netswap.io": "venett.eth",
  "vote.hera.finance": "herafinance.eth",
  "vote.benswap.cash": "bentokenfinance.eth",
  "dao.decentrastates.org": "red.che.eth",
  "vote.hodl.finance": "hft.eth",
  "vote.orion.security": "orionsecurity.eth",
  "governance.xdc.network": "xinfinxdcnetwork.eth",
  "vote.eggsforukraine.com": "eggsforukraine.eth",
  "vote.komorebinosekai.com": "komorebi-no-sekai.eth",
  "vote.homies.global": "homiesglobal.eth",
  "dao.safu.net": "safuyield.eth",
  "dao.getagump.org": "getagump.eth",
  "dao.boomgala.io": "boomgaladao.eth",
  "dao.dakshow.com.vn": "dakshow.eth",
  "vote.coniun.io": "coniun.eth",
  "vote.cgu.io": "crypto-gaming-united.eth",
  "vote.tttreasures.club": "tttreasures.eth",
  "vote.banksydao.finance": "banksy.farm",
  "vote.rikkei.finance": "rikkei-finance.eth",
  "vote.rug.farm": "saynotorugs.eth",
  "vote.calciumcrew.com": "calciumcrew.eth",
  "vote.svote.xyz": "testsnap.eth",
  "vote.mimo.capital": "mimo.eth",
  "vote.dforce.network": "dforcenet.eth",
  "vote.spysignals.io": "spysignals.eth",
  "vote.galaxy.eco": "project-galaxy.eth",
  "dao.galxe.org": "gal.eth",
  "irldao.co": "irldao.eth",
  "dao.metfi.io": "metfi.io",
  "vote.gamium.world": "gamiumworld.eth",
  "nftfightclub.co": "the75.eth",
  "dao.ftm.guru": "eliteness.eth",
  "vote.rave.domains": "raving.eth",
  "vote.plasma.finance": "0xplasma.eth",
  "vote.lenster.xyz": "lensterapp.eth",
  "vote.sirius.finance": "siriusfinance.eth",
  "vote.pokerkingsclub.com": "pokerkingsclub.eth",
  "vote.popop.world": "hanyajun.eth",
  "vote.polarisfinance.io": "polarisfinance.eth",
  "vote.legalhac.kr": "legalhackr.eth",
  "coop-vote.legalhac.kr": "legalhackrcoop.eth",
  "vote.pizzaguild.io": "gpizza.eth",
  "vote.dedogmadao.com": "dedogmadao.eth",
  "dao.liquidex.pro": "liquidex.eth",
  "governance.primenumbers.xyz": "primenumbers.eth",
  "vote.diapo.xyz": "diapo.eth",
  "vote.rei.network": "rei-network.eth",
  "vote.blockchaincuties.com": "cutiesofficial.eth",
  "vote.nuddybits.com": "nuddybits.eth",
  "dao.alphalabs.one": "alphalabsdao.eth",
  "dao.radiant.capital": "radiantcapital.eth",
  "vote.artizen.fund": "artizenfund.eth",
  "vote.orolana.com": "orolana.eth",
  "vote.kopidao.com": "kopidao.eth",
  "vote.dragon.xyz": "dragonmeta.eth",
  "dao.leslarmetaverse.com": "leslarmetaverse.eth",
  "governance.aurigami.finance": "aurigami-finance.eth",
  "vote.ancient8.gg": "ancient8gg.eth",
  "vote.treasure.lol": "treasuredao.eth",
  "vote.nextlend.org": "nextlend.eth",
  "vote.ib.xyz": "iron-bank.eth",
  "gov.thaloz.com": "thaloz.eth",
  "vote.aura.finance": "aurafinance.eth",
  "gaugevotes.aura.finance": "gauges.aurafinance.eth",
  "vote.rocketpool.net": "rocketpool-dao.eth",
  "vote.metapocket.games": "meta-pocket.eth",
  "dao.taunetwork.io": "taucoreteam.eth",
  "vote.cortexdao.io": "cortexdao.eth",
  "gov.emdx.io": "emdx.eth",
  "vote.evoverses.com": "evoverses.games",
  "vote.wallstreetgames.net": "wsgvote.eth",
  "vote.elasticswap.org": "elasticswap.eth",
  "vote.nation3.org": "nation3.eth",
  "vote.famdao.org": "fam-dao.eth",
  "vote.decemount.unidef.org": "decemount.eth",
  "gov.daomaker.com": "shomustgoon.eth",
  "vote.championfinance.io": "championfinance.eth",
  "dao.wearecashcows.com": "wearecashcows.eth",
  "dao.cashcows.club": "cashcowsclub.eth",
  "vote.testnet.wennect.com": "wennect-dev.eth",
  "vote.gurucollective.xyz": "gurucollective.eth",
  "vote.ape.fi": "apedotfi.eth",
  "dao.pinkieinu.com": "pinkieinu.eth",
  "vote.fluent.finance": "fluentdao.eth",
  "vote.mambomakers.com": "mambomakers.eth",
  "fedvote.fluent.finance": "fluentfed.eth",
  "vote.eledao.io": "ele-dao.eth",
  "vote.nostalgia-nft.xyz": "nostalgia-dao.eth",
  "vote.unitedpandasofmetaverse.com": "unitedpandasofmetaverse.eth",
  "vote.chocodoge.dog": "chocodoge.eth",
  "vote.buns.land": "bunsland.eth",
  "vote.prom.io": "promdao.eth",
  "vote.safuchain.net": "safuchain.eth",
  "vote.wandinvestments.com": "wandinvestments.com",
  "vote.lebo.finance": "lebo-finance.eth",
  "vote.dynodao.io": "dynodao.eth",
  "vote.cirip.io": "cirip.io",
  "vote.grugslair.xyz": "grugslair.eth",
  "dao.nufoundry.org": "nufoundry.eth",
  "gov.infinitypad.com": "ipadgovernance.eth",
  "vote.tubbyturtles.com": "arantuil.eth",
  "vote.bluejay.finance": "bluejayfinance.eth",
  "vote.posichain.org": "posichaindao.eth",
  "vote.hausofprime.com": "hausofprime.eth",
  "proposals.powershift.properties": "powershiftproperties.eth",
  "gov.ohgeez.org": "levx.eth",
  "snapshot.panvala.com": "panvala.eth",
  "vote.uwblockchain.ca": "uwblockchainclub.eth",
  "dao.notoriousfoolacademy.com": "fooldao.eth",
  "vote.tanukiverse.com": "tanukiverse.eth",
  "vote.t1bets.gg": "t1bets.eth",
  "dao.bglnode.online": "bgldao.eth",
  "vote.primapes.gg": "primapes.eth",
  "gov.milliontoken.io": "milliongov.eth",
  "governance.encode.org": "encodeorg.eth",
  "proposals.psjourneys.org": "psjourneys.eth",
  "vote.hold.finance": "hft.eth",
  "vote.spacedefi.tech": "wandinvestments.com",
  "dao.getprimal.com": "getprimal.eth",
  "lux.vote": "luxdefi.eth",
  "vote.decubate.com": "decubategov.eth",
  "vote.nftprotect.app": "nftprotectapp.eth",
  "dao.gracie.network": "gracienetwork.eth",
  "vote.singlefinance.io": "singlefinance.eth",
  "drc.daosquare.io": "poll.daosquare.eth",
  "dreo.daosquare.io": "community.daosquare.eth",
  "vote.gravityfinance.io": "gravity-finance.eth",
  "governance.xdefi.io": "xdefigovernance.eth",
  "gov.apedao.finance": "iotapes.eth",
  "vote.bakeddao.com": "bakeddao.eth",
  "vote.sk8block.com": "sk8block.eth",
  "vote.pjnen.com": "kazuzxc.eth",
  "vote.chigag.studio": "chigag-studio.eth",
  "dao.space.id": "dao.spaceid.eth",
  "dao.pearl.club": "pearlclubdao.eth",
  "vote.molens.xyz": "molens.eth",
  "vote.decent-dao.org": "decent-dao.eth",
  "vote.pxlmage.com": "pxlmage.eth",
  "signal.bumper.org": "bumper.eth",
  "proposals.cubedao.net": "thecubedao.eth",
  "vote.mfdao.pro": "multiface.eth",
  "vote.dragoncrypto.io": "dragoncrypto.io",
  "dao.arkadiapark.com": "arkadia-park.eth",
  "governance.topia.gg": "topia-governance.eth",
  "gov.piteas.io": "piteas.eth"
}
